Date,Open,High,Low,Close,Volume,Change
2021-05-28,15337,15483,15289,15337,26942,0.0031395120674995
2021-05-31,15337,15483,15191,15435,35703,0.0063897763578275
2021-06-01,15532,15532,15337,15532,27938,0.0062844185293164
2021-06-02,15678,15678,15483,15532,26941,0.0
2021-06-03,15532,15873,15532,15678,49567,0.0093999484934328
2021-06-04,15678,15775,15483,15678,46111,0.0
2021-06-07,15824,15824,15435,15483,35948,-0.0124378109452736
2021-06-08,15483,15581,15142,15191,34503,-0.0188593941742556
2021-06-09,15191,15337,15142,15191,17058,0.0
2021-06-10,15191,15289,15094,15142,16113,-0.0032255941017708
2021-06-11,15142,15483,15142,15337,19174,0.0128780874389116
2021-06-14,15289,15581,15289,15532,29657,0.0127143509160851
2021-06-15,15581,15678,15289,15386,31194,-0.0093999484934329
2021-06-16,15337,15824,15289,15581,41691,0.0126738593526583
2021-06-17,15532,15727,15386,15483,33671,-0.0062897118285091
2021-06-18,15581,15727,15435,15532,22856,0.0031647613511593
2021-06-21,15337,15581,15240,15289,23322,-0.0156451197527685
2021-06-22,15435,15873,15386,15581,68841,0.019098698410622
2021-06-23,15483,15678,14996,15240,71562,-0.0218856299338938
2021-06-24,15337,15824,15191,15727,126034,0.0319553805774277
2021-06-25,15678,15678,15483,15629,35603,-0.006231321930438
2021-06-28,15727,15873,15532,15775,57395,0.0093416085482116
2021-06-29,15775,15824,15581,15824,47739,0.00310618066561
2021-06-30,15873,15873,15629,15775,26418,-0.0030965621840243
2021-07-01,15824,15824,15532,15581,65311,-0.0122979397781299
2021-07-02,15629,15873,15483,15629,35406,0.0030806751813106
2021-07-05,15629,15824,15581,15629,48434,0.0
2021-07-06,15483,15775,15483,15678,42963,0.0031351973894682
2021-07-07,15629,16068,15629,15922,87128,0.0155632095930602
2021-07-08,15873,15922,15240,15483,72543,-0.0275719130762467
2021-07-09,15191,15483,14850,15337,57581,-0.0094296970871278
2021-07-12,15240,15532,15240,15483,25321,0.0095194627371715
2021-07-13,15337,16457,15337,15629,340764,0.0094296970871277
2021-07-14,15678,15970,15629,15678,72126,0.0031351973894682
2021-07-15,15775,16019,15581,15629,48971,-0.0031253986477867
2021-07-16,15824,15824,15532,15581,30553,-0.0030712137692751
2021-07-19,15678,15922,15629,15775,45903,0.0124510621911302
2021-07-20,15678,15727,15289,15678,49925,-0.0061489698890649
2021-07-21,15727,15727,15337,15483,41163,-0.0124378109452736
2021-07-22,15483,15678,15435,15435,30942,-0.0031001743848091
2021-07-23,15483,15629,15337,15435,26215,0.0
2021-07-26,15435,15629,15240,15581,59685,0.0094590217039196
2021-07-27,15435,15629,15435,15532,38963,-0.0031448559142545
2021-07-28,15483,15532,15094,15386,39740,-0.0093999484934329
2021-07-29,15289,15775,15240,15386,59668,0.0
2021-07-30,15483,15483,15191,15289,24625,-0.0063044326010659
2021-08-02,15289,15386,15045,15094,30873,-0.0127542677742167
2021-08-03,15094,15289,15045,15191,18088,0.0064263945938782
2021-08-04,15191,15240,14996,15142,24373,-0.0032255941017708
2021-08-05,15045,15337,15045,15289,21052,0.009708096684718
2021-08-06,15289,15435,15240,15289,18961,0.0
2021-08-09,15386,15678,15289,15678,54009,0.0254431290470271
2021-08-10,15727,15727,15386,15532,56139,-0.0093124122974869
2021-08-11,15337,15581,15240,15240,32753,-0.0187998969868657
2021-08-12,15142,15337,14996,15142,36134,-0.0064304461942257
2021-08-13,14996,15142,14461,14510,59220,-0.0417382115968828
2021-08-17,14315,14656,14071,14120,61201,-0.0268780151619573
2021-08-18,13925,14558,13730,14217,44110,0.006869688385269
2021-08-19,14217,14217,13195,13292,87817,-0.0650629528029823
2021-08-20,13390,13487,12367,12757,66570,-0.040249774300331
2021-08-23,12757,13828,12757,13682,41977,0.0725092106294582
2021-08-24,13682,14217,13682,14023,49802,0.0249232568337962
2021-08-25,13925,14266,13828,14217,37907,0.0138344148898239
2021-08-26,14217,14510,13925,14510,39514,0.0206091299148907
2021-08-27,14510,14802,14315,14412,30444,-0.0067539627842867
2021-08-30,14510,14704,14217,14266,31412,-0.0101304468498473
2021-08-31,14217,14363,14023,14315,21617,0.0034347399411187
2021-09-01,14315,14315,13974,14071,30753,-0.0170450576318547
2021-09-02,14071,14266,14023,14266,11236,0.013858290100206
2021-09-03,14412,15532,14217,14802,224711,0.0375718491518295
2021-09-06,14802,14802,14461,14607,22776,-0.0131738954195379
2021-09-07,14656,14802,14412,14510,23847,-0.0066406517423153
2021-09-08,14412,14412,13974,14023,32888,-0.0335630599586491
2021-09-09,14023,14120,13779,13828,19916,-0.0139057263067816
2021-09-10,13682,14071,13682,14023,17282,0.0141018223893549
2021-09-13,14023,14412,13682,14071,54832,0.0034229480139771
2021-09-14,14023,14120,13877,14023,20655,-0.0034112714092815
2021-09-15,13974,14071,13828,13828,13028,-0.0139057263067816
2021-09-16,14120,14120,13682,13877,14034,0.0035435348568122
2021-09-17,13877,14023,13633,13925,19005,0.0034589608705051
2021-09-23,13828,13877,13536,13682,24300,-0.0174506283662477
2021-09-24,13877,13877,13682,13730,19236,0.0035082590264581
2021-09-27,13633,13730,12367,13633,49703,-0.0070648215586307
2021-09-28,13633,13633,13097,13097,30492,-0.0393163647032934
2021-09-29,12659,13244,12611,13195,25633,0.0074826296098342
2021-09-30,13146,13341,12951,13146,30682,-0.0037135278514588
2021-10-01,12854,13195,12611,12757,34990,-0.0295907500380343
2021-10-05,12464,12659,12075,12464,38100,-0.0229677823939797
2021-10-06,12416,12659,11685,11783,53355,-0.0546373555840821
2021-10-07,11685,12172,11685,12075,17618,0.0247814648222015
2021-10-08,12075,12124,11831,12075,14022,0.0
2021-10-12,11978,12075,11734,11978,14397,-0.0080331262939958
2021-10-13,11783,12075,11783,11880,51051,-0.0081816663883786
2021-10-14,11880,12318,11831,12318,34320,0.0368686868686869
2021-10-15,12611,12611,12318,12513,18521,0.015830491962981
2021-10-18,12513,12611,12318,12416,9374,-0.0077519379844961
2021-10-19,12367,12611,12270,12513,35115,0.0078125
2021-10-20,12562,12611,12367,12562,20976,0.0039159274354672
2021-10-21,12464,12611,12318,12513,9600,-0.003900652762299
2021-10-22,12367,12562,12172,12221,19270,-0.0233357308399264
2021-10-25,12221,12270,11929,12221,12021,0.0
2021-10-26,12221,12562,12221,12562,18281,0.0279027902790278
2021-10-27,12562,12805,12464,12757,22845,0.0155230058907818
2021-10-28,12659,12854,12562,12757,26883,0.0
2021-10-29,12757,12854,12367,12416,19639,-0.02673042251313
2021-11-01,12464,12611,12367,12464,17274,0.0038659793814432
2021-11-02,12562,12757,12367,12708,11707,0.019576379974326
2021-11-03,12805,12805,12513,12659,8343,-0.0038558388416745
2021-11-04,12562,12757,12270,12416,23157,-0.0191958290544276
2021-11-05,12513,12611,12270,12367,16562,-0.0039465206185567
2021-11-08,12367,12367,11978,12172,16910,-0.0157677690628285
2021-11-09,12172,12416,12075,12221,17598,0.0040256325994085
2021-11-10,12026,12124,11539,11539,75433,-0.0558055805580558
2021-11-11,11588,11929,11393,11539,42593,0.0
2021-11-12,11491,12172,11491,12026,20948,0.0422046971141347
2021-11-15,12172,12464,11978,12464,36329,0.0364210876434392
2021-11-16,12367,12708,12367,12562,44711,0.0078626444159177
2021-11-17,12659,12659,12221,12318,28129,-0.0194236586530807
2021-11-18,12318,12513,12172,12464,25792,0.011852573469719
2021-11-19,12464,13244,12416,13000,85042,0.0430038510911425
2021-11-22,13195,13341,12903,13097,50466,0.0074615384615384
2021-11-23,12903,13097,12708,13097,36439,0.0
2021-11-24,12854,13049,12562,13049,24076,-0.0036649614415514
2021-11-25,13146,13146,12708,12903,18122,-0.011188596827343
2021-11-26,13097,13097,12270,12464,43693,-0.0340230954041695
2021-11-29,11978,12318,11783,12172,31345,-0.0234274711168164
2021-11-30,12464,12562,11685,11783,42006,-0.0319585934932632
2021-12-01,11685,12172,11588,12124,21126,0.0289399983026394
2021-12-02,11783,12270,11685,12270,17239,0.0120422302870339
2021-12-03,12318,12513,12124,12464,20496,0.0158109209453953
2021-12-06,12221,12659,12124,12562,19538,0.0078626444159177
2021-12-07,12611,12659,12367,12562,20694,0.0
2021-12-08,12611,12757,12464,12659,24923,0.0077217003661838
2021-12-09,12659,12757,12562,12611,13900,-0.0037917687021091
2021-12-10,12416,12659,12416,12611,20109,0.0
2021-12-13,13487,16360,13341,16360,4087504,0.2972801522480375
2021-12-14,15678,16457,14996,15483,3093442,-0.0536063569682151
2021-12-15,15386,15532,14850,15386,774447,-0.0062649357359685
2021-12-16,15240,19963,15191,18843,14827067,0.2246847783699466
2021-12-17,18161,18600,17869,18405,2458738,-0.0232447062569653
2021-12-20,18648,18940,17090,17090,2478848,-0.0714479760934528
2021-12-21,17334,20693,17188,17528,11217125,0.0256290228203628
2021-12-22,18989,20450,18210,18356,5190338,0.0472387037882244
2021-12-23,18064,19866,17480,19038,5807846,0.0371540640662453
2021-12-24,18843,19573,18502,18697,2175813,-0.0179115453303918
2021-12-27,20401,23371,20352,22057,11988382,0.1797079745413703
2021-12-28,21959,22057,20645,21424,1553109,-0.0286983723987849
2021-12-29,21765,22495,20937,21911,2408312,0.0227315160567587
2021-12-30,24832,26974,23469,24053,5689687,0.0977591164255395
2022-01-03,24491,31259,23858,31259,10616077,0.2995884089302789
2022-01-04,30870,37443,30870,33694,15388756,0.0778975655011355
2022-01-05,33110,34862,28581,29604,3872451,-0.121386597020241
2022-01-06,28094,28192,25952,26780,2053777,-0.0953925145250641
2022-01-07,26780,28679,25611,27705,3205839,0.0345407020164301
2022-01-10,26877,27900,25465,27802,1250205,0.0035011730734524
2022-01-11,27607,27607,25855,26682,544966,-0.0402848715919718
2022-01-12,26488,26488,25076,26147,843701,-0.0200509706918521
2022-01-13,26341,27218,25806,27023,822096,0.0335028875205567
2022-01-14,26585,27169,26049,26341,438369,-0.0252377604263035
2022-01-17,25903,25903,24053,24102,586099,-0.0850005694544626
2022-01-18,24296,24686,22105,22738,740075,-0.0565928138743673
2022-01-19,22592,24686,22105,23274,1109390,0.0235728736036591
2022-01-20,23177,24589,22690,24004,854696,0.031365472200739
2022-01-21,23517,25562,22251,23956,2218034,-0.0019996667222129
2022-01-24,23469,23663,22300,23030,405401,-0.0386541993655034
2022-01-25,23079,23810,21472,21472,1045626,-0.0676508901432914
2022-01-26,21716,22349,21229,21472,622880,0.0
2022-01-27,22300,22397,20742,21278,634710,-0.0090350223546944
2022-01-28,21716,25124,21472,23663,5345809,0.1120876022182535
2022-02-03,24053,25903,23663,25173,1958221,0.0638127033765794
2022-02-04,24881,27510,24540,25855,3468956,0.0270925197632383
2022-02-07,25319,26195,24783,25368,802671,-0.0188358151228001
2022-02-08,25855,27851,24832,25611,2906972,0.0095789971617785
2022-02-09,25952,27023,25465,26634,775142,0.0399437741595407
2022-02-10,26098,26634,25514,25562,564526,-0.0402493053991138
2022-02-11,24735,25368,23177,23177,732236,-0.0933025584852516
2022-02-14,22544,23663,22154,22397,567454,-0.0336540535876084
2022-02-15,22446,23566,22251,22641,610847,0.0108943162030628
2022-02-16,23663,24150,23030,23323,409330,0.030122344419416
2022-02-17,23274,23663,21813,22544,485905,-0.033400505938344
2022-02-18,22203,23371,22203,23128,320241,0.0259048970901347
2022-02-21,22641,23371,22251,23177,242315,0.0021186440677967
2022-02-22,22300,22933,21765,22105,330120,-0.0462527505716874
2022-02-23,22495,23907,22154,23566,962898,0.0660936439719519
2022-02-24,23177,23517,22057,22300,482381,-0.0537214631248408
2022-02-25,23177,26536,22884,25660,6104260,0.1506726457399103
2022-02-28,25076,25952,24929,25319,943037,-0.0132891660171473
2022-03-02,25416,26195,25076,26049,908029,0.0288321023737114
2022-03-03,26098,26147,25368,25855,451331,-0.0074475027832162
2022-03-04,25757,26731,25416,26195,994428,0.0131502610713594
2022-03-07,25660,25660,24783,24832,435608,-0.0520328306928803
2022-03-08,24199,25270,23858,24102,453057,-0.0293975515463917
2022-03-10,24929,25611,24540,25319,529012,0.0504937349597542
2022-03-11,25319,25660,25027,25514,326459,0.0077017259765392
2022-03-14,26001,27559,25660,26390,2168393,0.0343340910872462
2022-03-15,26877,27072,25708,26147,668343,-0.0092080333459644
2022-03-16,26780,26780,25757,26731,719358,0.0223352583470379
2022-03-17,28581,29409,26001,26001,3428506,-0.0273091167558265
2022-03-18,26439,27413,26147,26780,1348909,0.0299603861389945
2022-03-21,27754,28776,27072,28094,2006201,0.0490664675130694
2022-03-22,27559,28387,27072,28192,771818,0.0034882893144443
2022-03-23,28094,30724,27267,29506,3718883,0.0466089670828604
2022-03-24,28825,29020,28143,28922,766568,-0.0197925845590727
2022-03-25,29409,29993,28484,28776,1253940,-0.0050480603001175
2022-03-28,28776,29506,27900,28046,762219,-0.0253683625243258
2022-03-29,28240,28240,27023,27315,399585,-0.026064322898096
2022-03-30,27364,27413,25952,26585,540534,-0.0267252425407285
2022-03-31,26488,27072,26195,26634,209521,0.0018431446304307
2022-04-01,26585,26780,26049,26341,168584,-0.0110009761958399
2022-04-04,26244,26926,26098,26585,202218,0.0092631259253634
2022-04-05,26926,26926,26439,26585,166358,0.0
2022-04-06,26293,26877,25952,26293,231680,-0.0109836373895053
2022-04-07,25903,25903,24248,24345,385253,-0.0740881603468603
2022-04-08,24637,24735,23712,24150,238356,-0.0080098582871226
2022-04-11,24394,26828,24394,25270,855359,0.0463768115942029
2022-04-12,24929,25027,24345,24929,188875,-0.0134942619707162
2022-04-13,25514,26049,25124,25855,282719,0.03714549320069
2022-04-14,26147,26536,25562,26244,310705,0.0150454457551729
2022-04-15,25855,25855,25027,25076,1115550,-0.0445054107605548
2022-04-18,25076,25514,24832,24929,169999,-0.0058621789759132
2022-04-19,24832,24978,24248,24296,232118,-0.0253921136026314
2022-04-20,24589,24589,23030,23079,440947,-0.0500905498847547
2022-04-21,23323,23761,22836,22933,413592,-0.006326097317908
2022-04-22,23907,24637,22592,22592,1556985,-0.0148694021715432
2022-04-25,21911,22349,21472,21521,388552,-0.0474061614730878
2022-04-26,21862,22836,21618,21911,843630,0.0181218344872449
2022-04-27,21132,21229,20352,20450,584425,-0.0666788371137784
2022-04-28,20596,20693,19622,19719,361109,-0.0357457212713936
2022-04-29,19817,20645,19671,19817,296646,0.0049698260560879
2022-05-02,19427,20304,19184,20158,323492,0.0172074481505777
2022-05-03,20401,21132,20109,20499,566095,0.0169163607500744
2022-05-04,21083,21083,19866,19914,261758,-0.0285379774623152
2022-05-06,19427,19768,19281,19573,130380,-0.0171236316159485
2022-05-09,19573,19573,18551,18648,240426,-0.0472589792060491
2022-05-10,18161,18989,17674,18746,279346,0.0052552552552551
2022-05-11,18940,19135,18600,18843,127037,0.0051744372132722
2022-05-12,18453,18697,17918,18064,182580,-0.0413416122698083
2022-05-13,18210,18794,18113,18356,185788,0.0161647475642161
2022-05-16,18648,19086,18600,18697,191018,0.0185770320331226
2022-05-17,18746,19427,18697,19135,225493,0.0234262181098572
2022-05-18,19427,20937,19281,19671,1155119,0.0280114972563365
2022-05-19,19086,19963,18989,19525,220278,-0.0074220934370392
2022-05-20,19525,20547,19330,20158,413575,0.0324199743918054
2022-05-23,20985,21034,20109,20109,330546,-0.0024307967060224
2022-05-24,20401,21716,20158,20693,1086678,0.0290417226117658
2022-05-25,21278,21278,20450,20742,276952,0.0023679505146667
2022-05-26,20693,21083,19817,19963,299185,-0.0375566483463504
2022-05-27,20255,20596,19866,19914,181554,-0.0024545409006662
2022-05-30,20255,21083,20109,20985,336083,0.0537812594154865
2022-05-31,21229,21278,20693,20742,190352,-0.0115796997855611
2022-06-02,20693,21424,20450,21180,257941,0.0211165750650852
2022-06-03,21424,21424,20742,20839,169684,-0.0161000944287063
2022-06-07,21132,21862,21034,21375,646439,0.0257210038869426
2022-06-08,21765,22057,20839,20888,553556,-0.0227836257309941
2022-06-09,21618,24735,21278,22641,6560674,0.083923783990808
2022-06-10,22397,23128,22154,22933,865273,0.0128969568481958
2022-06-13,22057,22251,20742,20839,718677,-0.0913094667073649
2022-06-14,20060,21083,19719,20985,528497,0.0070060943423388
2022-06-15,20645,22592,19768,20352,2109283,-0.0301644031451036
2022-06-16,21278,21862,20596,20645,521361,0.0143966194968554
2022-06-17,19963,20596,19671,20352,228909,-0.014192298377331
2022-06-20,20206,20547,18746,18989,393498,-0.0669713050314465
2022-06-21,18989,19963,18551,19135,236223,0.0076886618568645
2022-06-22,19281,19866,17918,17918,237827,-0.063600731643585
2022-06-23,17918,18356,16749,16798,319038,-0.0625069762250251
2022-06-24,16798,17723,16749,17674,277493,0.0521490653649243
2022-06-27,17821,18794,17821,18697,161544,0.0578816340387009
2022-06-28,18697,19038,18356,18940,198655,0.0129967374445099
2022-06-29,18551,18892,18210,18600,115999,-0.0179514255543822
2022-06-30,18600,18843,17626,17626,185468,-0.0523655913978494
2022-07-01,17821,18064,16847,17236,149754,-0.0221264041756495
2022-07-04,17188,17480,16165,16506,172907,-0.0423532142028313
2022-07-05,16847,17236,16701,17139,88133,0.0383496910214467
2022-07-06,17041,17431,16895,16895,99436,-0.0142365365540579
2022-07-07,17188,18015,16895,17723,246385,0.0490085824208346
2022-07-08,17918,18064,17528,17674,134563,-0.0027647689443096
2022-07-11,17821,18015,17431,17626,82664,-0.0027158537965372
2022-07-12,17431,17528,16798,16993,93537,-0.0359128560081697
2022-07-13,17869,18551,17528,17772,500744,0.0458424056964632
2022-07-14,17723,18113,16555,17528,180500,-0.0137294620751744
2022-07-15,17528,17626,16895,17528,127657,0.0
2022-07-18,18161,19963,17869,19330,1036632,0.1028069374714741
2022-07-19,19330,19817,19038,19622,284703,0.0151060527677184
2022-07-20,19914,20206,19330,19671,247274,0.0024971970237488
2022-07-21,19671,20547,19330,20109,424405,0.0222662803111179
2022-07-22,20060,20158,19525,19573,222343,-0.0266547317121687
2022-07-25,19379,19963,19281,19817,147014,0.0124661523527307
2022-07-26,19817,20450,19768,20352,278938,0.0269970227582379
2022-07-27,20304,20645,20158,20645,198872,0.0143966194968554
2022-07-28,20839,20985,20206,20352,273985,-0.014192298377331
2022-07-29,20645,21180,20499,20937,391652,0.0287441037735849
2022-08-01,21765,22105,21132,21570,681951,0.0302335578163059
2022-08-02,21813,23371,21667,22836,1860285,0.0586926286509039
2022-08-03,22690,22836,22154,22446,403096,-0.0170782974251182
2022-08-04,22690,22690,22008,22349,237624,-0.0043214826695179
2022-08-05,22154,22446,21375,21521,283731,-0.0370486375229316
2022-08-08,21667,22690,21667,21813,529916,0.0135681427442961
2022-08-09,21959,22105,20937,21472,267072,-0.0156328794755421
2022-08-10,21278,21667,20839,20839,186320,-0.0294802533532041
2022-08-11,21083,21375,21034,21278,110928,0.0210662699745669
2022-08-12,21278,22251,21180,21667,275301,0.0182817934016354
2022-08-16,21959,22203,21278,21326,253084,-0.015738219412009
2022-08-17,21424,22641,21083,22641,836458,0.0616618212510551
2022-08-18,22690,24345,22397,23225,1772996,0.0257939136963916
2022-08-19,23810,24004,22690,22738,600116,-0.0209687836383207
2022-08-22,22397,22641,21765,21813,272838,-0.040680798663031
2022-08-23,21472,22446,21180,21911,266125,0.0044927336909181
2022-08-24,22203,23274,22105,23177,379674,0.0577791976632742
2022-08-25,23128,23810,22787,23420,342896,0.0104845320792164
2022-08-26,23810,23858,22446,22544,343335,-0.0374039282664389
2022-08-29,21521,22008,21472,21521,348703,-0.0453779276082327
2022-08-30,21765,22105,21521,22105,144056,0.0271362854885925
2022-08-31,22008,22690,21667,22203,228456,0.0044333861117393
2022-09-01,22105,22154,20839,20937,236644,-0.0570193217132819
2022-09-02,21278,21521,20499,20547,194114,-0.0186273105029374
2022-09-05,20499,20742,19427,19671,272166,-0.0426339611622134
2022-09-06,19671,20109,19573,19671,151749,0.0
2022-09-07,19573,19573,18843,19281,168211,-0.0198261400030501
2022-09-08,19768,20547,19573,19671,292611,0.0202271666407343
2022-09-13,20255,21472,20255,21472,366135,0.0915560978089573
2022-09-14,20450,22690,20255,22690,594267,0.056725037257824
2022-09-15,23177,24004,22397,22836,930789,0.0064345526663729
2022-09-16,23030,23566,22397,22446,550955,-0.0170782974251182
2022-09-19,22836,23712,21375,21618,792428,-0.0368885324779471
2022-09-20,22203,25806,22057,25562,3599224,0.182440558793598
2022-09-21,25124,25465,24199,25124,1541858,-0.017134809482826
2022-09-22,24881,26147,24589,26098,1877604,0.0387677121477472
2022-09-23,25806,26877,25124,26293,1650047,0.0074718369223696
2022-09-26,25611,25757,23712,24053,961958,-0.0851937778115848
2022-09-27,24394,24929,22933,24540,1017381,0.0202469546418326
2022-09-28,24199,24491,21765,22008,833398,-0.1031784841075794
2022-09-29,22690,23225,21180,21180,647622,-0.0376226826608505
2022-09-30,20888,21813,20693,21424,539801,0.0115203021718601
2022-10-04,21862,22203,21375,22203,335461,0.0363610903659448
2022-10-05,22641,22787,21034,21180,378350,-0.0460748547493582
2022-10-06,21618,22836,21521,22787,435405,0.0758734655335222
2022-10-07,22397,23858,22251,23469,684106,0.0299293456795541
2022-10-11,22836,24248,22544,23469,587945,0.0
2022-10-12,23810,24248,22982,23371,544388,-0.0041757211640888
2022-10-13,23469,23566,21667,21667,411293,-0.0729108724487612
2022-10-14,22446,22690,22154,22300,249225,0.0292149351548438
2022-10-17,21813,23030,21716,22933,242244,0.0283856502242152
2022-10-18,23371,24296,23323,24053,554132,0.0488379191558017
2022-10-19,24345,24589,23371,23615,367440,-0.0182097867209911
2022-10-20,23663,23907,22349,22982,334206,-0.0268049968240524
2022-10-21,22982,24540,22884,24053,855887,0.0466016882777826
2022-10-24,24637,24735,23810,23810,508708,-0.0101026898931526
2022-10-25,24102,24929,23712,24296,690619,0.0204115917681646
2022-10-26,24345,24394,23469,23615,308072,-0.0280293052354296
2022-10-27,23761,24394,23469,24248,376103,0.0268049968240524
2022-10-28,23907,24491,23128,23274,296327,-0.040168261299901
2022-10-31,23469,23663,22933,22982,256238,-0.0125461888802955
2022-11-01,22982,23566,22836,23566,227691,0.0254111913671568
2022-11-02,23371,23371,22641,22933,210113,-0.0268607315624204
2022-11-03,22397,24248,22300,24150,620532,0.0530676317969738
2022-11-04,24053,24540,23858,24150,320160,0.0
2022-11-07,24394,24540,23956,24394,253850,0.0101035196687371
2022-11-08,24637,25319,24199,24881,508006,0.0199639255554644
2022-11-09,25027,25270,24345,24491,333902,-0.0156746111490695
2022-11-10,24150,24686,23956,24296,210613,-0.0079621085296639
2022-11-11,25076,25076,24199,24637,392864,0.0140352321369772
2022-11-14,24589,25173,23469,23566,573699,-0.0434712018508747
2022-11-15,23810,24686,23566,24443,434098,0.0372146312484087
2022-11-16,24540,24589,23761,24150,229385,-0.0119870719633432
2022-11-17,24004,25124,23810,24832,583750,0.0282401656314699
2022-11-18,24929,26439,24686,24832,1070073,0.0
2022-11-21,25514,26098,25270,25562,839304,0.0293975515463917
2022-11-22,25757,28046,25611,26780,1994203,0.0476488537673107
2022-11-23,26828,27121,26293,26780,530208,0.0
2022-11-24,26877,27169,26244,26926,430115,0.0054518297236743
2022-11-25,26877,27413,25903,25903,475086,-0.0379930179009135
2022-11-28,25660,25757,24881,24929,383989,-0.0376018221827587
2022-11-29,24735,25611,24735,25611,311387,0.0273576958562316
2022-11-30,25270,26147,25027,25270,302902,-0.0133145913865135
2022-12-01,25611,25903,25416,25757,215488,0.0192718638702018
2022-12-02,26001,26488,25611,26195,418230,0.01700508599604
2022-12-05,26439,26731,25465,25855,300075,-0.0129795762550104
2022-12-06,25416,25660,24004,24150,486860,-0.0659446915490233
2022-12-07,24150,24443,23761,23761,242194,-0.0161076604554865
2022-12-08,23858,24443,23712,23907,203969,0.0061445225369303
2022-12-09,24150,24296,22690,23177,365107,-0.0305349897519554
2022-12-12,22884,22982,22349,22349,176677,-0.0357250722699227
2022-12-13,22738,23615,22738,23177,315103,0.0370486375229317
2022-12-14,23469,23810,23323,23615,133093,0.0188980454761185
2022-12-15,23420,23907,23177,23810,139279,0.0082574634766039
2022-12-16,23128,24053,22982,23761,156353,-0.0020579588408231
2022-12-19,23761,24637,23615,24248,299053,0.0204957703800345
2022-12-20,24296,24637,23177,23517,228785,-0.0301468162322665
2022-12-21,23761,23761,22884,23128,172303,-0.0165412254964494
2022-12-22,23274,23663,23079,23128,111659,0.0
2022-12-23,22592,22884,22008,22105,243886,-0.0442320996195088
2022-12-26,22154,22836,21765,21765,230035,-0.0153811354897082
2022-12-27,21959,22349,21716,21911,311712,0.0067080174592235
2022-12-28,21911,22641,21813,22105,260501,0.008854000273835
2022-12-29,22008,22300,21716,21911,153509,-0.0087762949558923
2023-01-02,22057,22349,20012,20401,402612,-0.0689151567705718
2023-01-03,20985,22057,20158,21326,825922,0.0453409146610459
2023-01-04,21472,22544,21424,22544,398319,0.0571133827253118
2023-01-05,22446,23274,21911,22154,491704,-0.0172995031937543
2023-01-06,21862,23566,21765,22690,591244,0.0241942764286358
2023-01-09,23274,23761,22787,23420,440329,0.0321727633318642
2023-01-10,23420,25270,23225,24199,1328261,0.0332621690862511
2023-01-11,24491,24540,23761,24102,303037,-0.0040084301004174
2023-01-12,24150,24832,23371,23566,451957,-0.0222388183553232
2023-01-13,23566,24296,23371,24199,283227,0.0268607315624205
2023-01-16,24589,24637,23712,24004,395618,-0.0080581842224884
2023-01-17,24053,24929,23810,24443,452466,0.0182886185635726
2023-01-18,24394,26488,24004,25806,2509989,0.0557623859591702
2023-01-19,25562,26828,25124,25903,1200829,0.003758815779276
2023-01-20,26293,26780,25757,26147,1066225,0.009419758329151
2023-01-25,26585,28776,26195,28338,2712104,0.0837954641067808
2023-01-26,28679,31113,25319,26049,3890490,-0.0807749311878043
2023-01-27,26488,28630,25952,28289,1762669,0.0859917847134246
2023-01-30,30042,30675,28338,28727,2081057,0.0154830499487432
2023-01-31,28338,33110,28143,30626,5113601,0.0661050579594109
2023-02-01,31844,32379,29896,31162,2006334,0.0175014693397765
2023-02-02,30626,31990,30383,30821,1210632,-0.0109428149669469
2023-02-03,31065,31065,29117,29312,935088,-0.0489601245903766
2023-02-06,28873,29799,27948,28240,706507,-0.0365720524017467
2023-02-07,28338,28776,27948,28240,589453,0.0
2023-02-08,28533,30091,28484,28971,1240124,0.0258852691218129
2023-02-09,28581,29506,27900,27997,586908,-0.033619826723275
2023-02-10,28143,29117,27315,28581,779350,0.0208593777904775
2023-02-13,28581,29652,28533,29263,772819,0.0238620062279135
2023-02-14,29312,29506,28387,28484,503624,-0.026620647233708
2023-02-15,28727,28971,26439,26634,641635,-0.0649487431540514
2023-02-16,26682,27607,26390,27072,379573,0.0164451453029961
2023-02-17,26634,27315,26585,26731,221315,-0.0125960401891253
2023-02-20,26780,27169,25806,27121,436133,0.0145898021024279
2023-02-21,27510,28046,27364,27510,508760,0.0143431289406732
2023-02-22,28727,31844,28484,30139,7359386,0.0955652490003635
2023-02-23,29847,32428,29506,31698,3823845,0.0517269982414811
2023-02-24,31844,32623,30285,30626,1992285,-0.0338191684017918
2023-02-27,32331,39780,32087,38953,11850188,0.2718931626722392
2023-02-28,39147,39293,37005,38368,3052891,-0.0150180987343722
2023-03-02,37784,38466,35836,37102,2396374,-0.0329962468723936
2023-03-03,40121,41387,37200,37687,4583714,0.0157673440784862
2023-03-06,37492,39391,36664,38466,2121131,0.020670257648526
2023-03-07,38125,38173,36518,36664,1175009,-0.0468465657983674
2023-03-08,37833,39537,36567,36615,2031380,-0.0013364608335151
2023-03-09,37248,38417,35106,35495,1386651,-0.0305885566024852
2023-03-10,34716,36323,34473,35447,801826,-0.0013523031412875
2023-03-13,34765,35593,33548,35544,637316,0.0027364798149349
2023-03-14,36031,36080,33158,33402,608144,-0.0602633355840648
2023-03-15,34376,35885,33937,35057,829956,0.0495479312616011
2023-03-16,36323,38076,35349,36713,2370432,0.0472373563054453
2023-03-17,39050,45234,38612,39634,9530353,0.0795630975403807
2023-03-20,40608,40608,37443,38076,2283853,-0.0393096836049856
2023-03-21,38222,38709,37005,38417,1153251,0.0089557726651958
2023-03-22,38368,40170,38027,40024,1502144,0.0418304396491135
2023-03-23,40413,40705,38709,39293,1959926,-0.018264041575055
2023-03-24,39634,39634,37638,38173,672164,-0.0285038047489374
2023-03-27,38758,39878,37881,39829,1225196,0.0433814476200455
2023-03-28,41679,43627,38758,38953,2665258,-0.0219940244545431
2023-03-29,38368,38417,37248,38222,634529,-0.018766205427053
2023-03-30,39147,42799,38271,42799,3862346,0.1197477892313327
2023-03-31,40900,40949,39147,39488,1600464,-0.077361620598612
2023-04-03,38660,39391,38417,39001,668299,-0.0123328606158833
2023-04-04,39391,39926,38027,38320,573800,-0.017461090741263
2023-04-05,38271,39342,37589,38563,374622,0.0063413361169102
2023-04-06,38660,38806,36226,36323,623199,-0.0580867671083681
2023-04-07,36615,37881,35690,36275,658455,-0.0013214767502683
2023-04-10,36372,36713,34376,35203,587371,-0.029552033080634
2023-04-11,35203,35690,34181,35690,524868,0.0138340482345253
2023-04-12,35203,36664,34668,34960,559745,-0.0204539086578873
2023-04-13,34862,35885,33840,35203,465616,0.0069508009153318
2023-04-14,35544,36177,35057,35739,348463,0.0152259750589438
2023-04-17,35788,36859,34862,36128,450646,0.0108844679481798
2023-04-18,36372,36421,35057,35155,291164,-0.0269320194862709
2023-04-19,35203,35252,34424,34424,203833,-0.0207936282178922
2023-04-20,34278,34424,32184,32282,463379,-0.0622240297466883
2023-04-21,33402,33937,32184,32184,409725,-0.0030357474753732
2023-04-24,31746,32428,31162,31892,201216,-0.0090728312204821
2023-04-25,31454,32233,30870,31211,195025,-0.0213533174463815
2023-04-26,30626,31698,30578,30675,174896,-0.0171734324436897
2023-04-27,30918,31454,30432,31308,224505,0.020635696821516
2023-04-28,33645,33645,31211,31259,623352,-0.0015650951833396
2023-05-02,31259,32477,31016,32184,240938,0.0295914776544354
2023-05-03,31941,32379,31211,31405,138706,-0.0242045737012179
2023-05-04,31405,36177,31211,32769,1490970,0.043432574430823
2023-05-08,33061,33499,32720,32817,231702,0.0014647990478806
2023-05-09,33304,34522,33110,33304,457499,0.0148398695797908
2023-05-10,33499,33791,32574,32574,180433,-0.0219192889742974
2023-05-11,32866,33596,32817,33402,222197,0.0254190458648
2023-05-12,33402,33402,32574,32817,151133,-0.0175139213220765
2023-05-15,33061,33353,32087,32136,198542,-0.0207514398025413
2023-05-16,32184,32282,30334,30724,228421,-0.0439382623848643
2023-05-17,30626,30918,30237,30675,116318,-0.0015948444212993
2023-05-18,30967,31892,30821,31454,164460,0.0253952730236348
2023-05-19,31454,32331,31113,32233,148834,0.0247663254276084
2023-05-22,32331,32379,31454,32038,108208,-0.0060497006173797
2023-05-23,32282,32817,32087,32671,166753,0.0197577876271926
2023-05-24,32331,32428,31649,31698,127314,-0.0297817636435983
2023-05-25,31698,32282,31308,31357,113234,-0.0107577765158685
2023-05-26,31405,31600,30626,30918,101008,-0.0140000637816117
2023-05-30,31844,32331,31454,32136,167977,0.0393945274597322
2023-05-31,32038,32623,31649,31698,138611,-0.0136295743091859
2023-06-01,31698,31941,31308,31405,74307,-0.0092434853934002
2023-06-02,31551,32331,31454,31698,169928,0.0093297245661518
2023-06-05,32038,32038,31211,31503,110790,-0.0061518076850274
2023-06-07,31746,32282,31357,32136,306732,0.0200933244452909
2023-06-08,31941,32038,31308,31454,171658,-0.0212223052028877
2023-06-09,31795,32331,31503,31990,195894,0.0170407579322184
2023-06-12,32038,32038,31162,31308,179212,-0.0213191622381994
2023-06-13,31357,31600,31211,31357,111794,0.0015650951833396
2023-06-14,31357,31503,30188,30188,226223,-0.0372803520744968
2023-06-15,30285,30626,29068,29360,193488,-0.0274281171326354
2023-06-16,29409,29945,29312,29360,96688,0.0
2023-06-19,29652,30139,29409,29701,106860,0.0116144414168937
2023-06-20,29652,29701,28922,29068,135948,-0.0213124137234436
2023-06-21,28630,28776,27705,27900,225120,-0.040181643043897
2023-06-22,27656,29409,27656,28581,210870,0.0244086021505376
2023-06-23,28679,28825,27948,28046,89364,-0.0187187292257093
2023-06-26,28046,28533,27315,27997,104738,-0.0017471297154674
2023-06-27,27705,28679,27461,27802,100821,-0.0069650319677108
2023-06-28,27802,28289,27461,27754,119215,-0.0017264944967987
2023-06-29,28046,28143,27023,27607,119353,-0.005296533832961
2023-06-30,27461,28240,27267,27607,159085,0.0
2023-07-03,27851,28581,27705,28143,156905,0.0194153656681277
2023-07-04,27900,28046,27023,27705,164780,-0.0155633727747575
2023-07-05,27656,27705,26974,27218,122157,-0.0175780545027973
2023-07-06,27267,27267,26293,26293,139044,-0.0339848629583363
2023-07-07,26293,26682,25952,26293,101803,0.0
2023-07-10,25952,27169,25611,26049,148689,-0.009280036511619
2023-07-11,26195,26634,26098,26536,76151,0.0186955353372491
2023-07-12,26488,26585,25660,26390,173278,-0.00550195960205
2023-07-13,26439,26780,26293,26488,136777,0.0037135278514588
2023-07-14,26634,26828,25611,25757,200592,-0.0275974025974026
2023-07-17,25708,27754,25270,27413,450740,0.0642932018480413
2023-07-18,27364,27364,26536,26780,176350,-0.0230912340860175
2023-07-19,26926,27315,25855,26293,263110,-0.0181852128454069
2023-07-20,26341,27510,26001,27121,228664,0.031491271441068
2023-07-21,26828,27948,26585,26926,325715,-0.0071900003687179
2023-07-24,27315,27754,26390,26780,230475,-0.0054222684394266
2023-07-25,26682,26877,25124,25124,280039,-0.0618371919342792
2023-07-26,25027,25319,22787,22982,467055,-0.0852571246616781
2023-07-27,22787,25027,22787,24004,408477,0.0444695848925245
2023-07-28,23810,25076,23810,24637,182631,0.0263706048991834
2023-07-31,25124,26001,24199,25708,279218,0.0434712018508747
2023-08-01,25855,26488,25708,26244,265704,0.0208495409989108
2023-08-02,26634,26926,25027,25222,254214,-0.0389422344154855
2023-08-03,24929,25611,24248,24443,176502,-0.0308857346760764
2023-08-04,24589,27705,24345,27461,631333,0.1234709323732765
2023-08-07,27315,29799,26439,27851,1490042,0.0142019591420559
2023-08-08,28289,28533,27218,28192,482479,0.0122437255394778
2023-08-09,28630,30383,27802,28094,923948,-0.0034761634506242
2023-08-10,28094,28727,27072,27121,252294,-0.0346337296219833
2023-08-11,27169,29945,27121,29214,1049624,0.0771726706242394
2023-08-14,29799,30432,29214,29458,569311,0.0083521599233244
2023-08-16,29360,29360,27705,27705,329893,-0.0595084527123361
2023-08-17,27169,28435,26682,28046,216784,0.0123082476087348
2023-08-18,27559,27656,26780,26780,208703,-0.0451401269343222
2023-08-21,26488,26926,25903,25903,167535,-0.0327483196415234
2023-08-22,26147,26390,25173,25368,123471,-0.0206539783036714
2023-08-23,25514,26098,24929,24929,150641,-0.0173052664774518
2023-08-24,25416,26585,25270,26293,156315,0.0547153917124634
2023-08-25,25903,25903,25222,25708,106159,-0.0222492678659719
2023-08-28,26049,26731,25903,26488,150909,0.0303407499611017
2023-08-29,26731,26926,26390,26828,105797,0.0128360012080941
2023-08-30,27121,29506,26877,27559,715146,0.0272476517071715
2023-08-31,27851,29701,27559,29458,855072,0.0689067092419899
2023-09-01,29701,30139,28289,28533,692925,-0.0314006381967546
2023-09-04,28776,31990,28727,29312,2172206,0.0273017208144954
2023-09-05,29555,30383,28825,30042,638867,0.0249044759825327
2023-09-06,30237,30821,29214,29750,581770,-0.009719725717329
2023-09-07,30237,31649,29506,30626,1206601,0.0294453781512604
2023-09-08,31405,32379,29896,30480,1100208,-0.0047671912753869
2023-09-11,31113,31503,28046,28727,941564,-0.05751312335958
2023-09-12,28776,29555,27607,27607,456759,-0.0389877119086573
2023-09-13,27607,27997,26731,26780,240860,-0.0299561705364581
2023-09-14,26974,27900,26731,27802,189524,0.0381628080657205
2023-09-15,27754,27802,26780,26974,226648,-0.0297820300697791
2023-09-18,26926,27218,26293,26293,147083,-0.0252465336991176
2023-09-19,26098,26536,25806,26147,113359,-0.0055528087323621
2023-09-20,26926,27169,26147,26293,128402,0.0055838145867594
2023-09-21,26001,26390,25319,25368,128147,-0.0351804662838017
2023-09-22,24783,26439,24540,26001,160544,0.0249526963103121
2023-09-25,26001,26536,25076,25222,130043,-0.0299603861389946
2023-09-26,25416,26001,24686,24735,107116,-0.0193085401633494
2023-09-27,24345,25708,24345,25708,104510,0.039336971902163
2023-10-04,25416,25416,23663,23761,197249,-0.0757351797105959
2023-10-05,24102,24491,21472,21472,275140,-0.0963343293632422
2023-10-06,21472,22203,21472,22154,109465,0.0317622950819671
2023-10-10,21911,22251,20937,20985,139216,-0.052766994673648
2023-10-11,21375,21959,21375,21472,96321,0.0232070526566594
2023-10-12,21667,22641,21667,22495,112374,0.0476434426229508
2023-10-13,22349,22836,21667,22349,96698,-0.0064903311847077
2023-10-16,22008,22105,21034,21326,89987,-0.0457738601279699
2023-10-17,21521,22203,21521,21911,67120,0.0274313045109255
2023-10-18,21765,22495,21667,21862,58057,-0.0022363196567933
2023-10-19,21862,21862,20839,20839,85013,-0.046793523007959
2023-10-20,20450,20645,19466,19622,146296,-0.0584001151686741
2023-10-23,19379,19914,19048,19466,150760,-0.0079502599123433
2023-10-24,19525,20109,18814,20060,109421,0.0305147436556045
2023-10-25,20304,20596,19866,20450,104631,0.0194416749750747
2023-10-26,19768,20060,19525,19719,65212,-0.0357457212713936
2023-10-27,19719,19963,19194,19291,90138,-0.0217049546123028
2023-10-30,19096,20888,19096,20693,149422,0.0726763775854024
2023-10-31,20742,21034,20304,20450,82617,-0.011743101531919
2023-11-01,20645,25952,20645,24248,2073817,0.1857212713936431
2023-11-02,24491,24783,24004,24783,412278,0.0220636753546683
2023-11-03,24929,25027,23420,24978,393434,0.0078682968163661
2023-11-06,24978,25757,24491,25465,451233,0.0194971574985987
2023-11-07,25562,25806,24199,24929,237301,-0.0210484979383467
2023-11-08,24832,26536,24589,25806,544031,0.0351799109470898
2023-11-09,24978,26001,24929,25222,147860,-0.0226303960319305
2023-11-10,24637,25027,23274,23615,195452,-0.0637142177464118
2023-11-13,24004,24589,23712,23907,154109,0.0123650222316324
2023-11-14,23956,25465,23956,24832,166460,0.0386915966035052
2023-11-15,25465,26049,25027,25757,418809,0.0372503221649485
2023-11-16,26536,26877,25368,26390,568562,0.0245758434600302
2023-11-17,26147,26147,24832,25076,251132,-0.0497915877226221
2023-11-20,25076,25708,24443,25416,120306,0.0135587813048332
2023-11-21,25611,26001,25222,25465,135642,0.0019279194208372
2023-11-22,25173,26293,25027,26098,294957,0.0248576477518163
2023-11-23,26390,28192,25416,25465,775880,-0.0242547321633841
2023-11-24,25660,26001,25368,25806,133855,0.0133909287257019
2023-11-27,26195,26195,25124,25416,168434,-0.0151127644733782
2023-11-28,25562,27023,25416,26828,456483,0.0555555555555555
2023-11-29,27072,27802,25611,25855,485150,-0.0362680781273296
2023-11-30,26195,26682,25855,26001,159960,0.0056468768129955
2023-12-01,26001,26098,25027,25076,161499,-0.0355755547863543
2023-12-04,24783,24929,23956,24345,136589,-0.0291513798053916
2023-12-05,24345,24832,23663,23907,115098,-0.0179913739987677
2023-12-06,24004,24150,22982,24053,98145,0.0061069979503911
2023-12-07,23810,24004,23323,23469,43029,-0.0242797156279881
2023-12-08,23810,24589,23469,24491,129023,0.0435468064254975
2023-12-11,25708,28727,25319,28192,1776167,0.1511167367604426
2023-12-12,27900,28094,27072,27121,486095,-0.0379895005675369
2023-12-13,27121,27413,26390,26974,259490,-0.0054201541241104
2023-12-14,27607,27851,26634,26877,418320,-0.003596055460814
2023-12-15,27072,27267,26585,27072,222747,0.0072552740261189
2023-12-18,27510,27510,26682,27315,358844,0.0089760638297873
2023-12-19,27461,27461,26488,26682,195049,-0.0231740801757276
2023-12-20,26780,27267,26682,26974,137766,0.0109437073682632
2023-12-21,26585,27754,26293,27169,254880,0.0072291836583375
2023-12-22,27559,28387,26974,27121,425449,-0.0017667194228716
2023-12-26,27364,28581,27121,27851,322235,0.026916411636739
2023-12-27,28581,30480,28581,30042,970530,0.0786686294926573
2023-12-28,30237,30285,29409,29799,255803,-0.0080886758538046
2024-01-02,29799,30188,29020,29847,240008,0.0016107923084667
2024-01-03,29506,29604,28679,29312,212738,-0.0179247495560692
2024-01-04,28825,29652,28630,29068,180767,-0.0083242358078602
2024-01-05,29263,29652,28387,29458,248464,0.013416815742397
2024-01-08,29409,29701,28679,28825,189895,-0.0214882205173467
2024-01-09,29020,29117,28240,28484,171915,-0.0118300086730268
2024-01-10,28484,29750,28046,29312,290980,0.0290689509900294
2024-01-11,29312,29555,28581,28581,147232,-0.0249385917030567
2024-01-12,29214,34570,29166,30237,4633070,0.0579405899023826
2024-01-15,32282,32963,30772,31211,1669146,0.0322121903628005
2024-01-16,31308,34376,31162,32574,2476640,0.0436705007849795
2024-01-17,33353,33402,30529,31113,937241,-0.0448517222324553
2024-01-18,30578,31259,29506,29945,571275,-0.037540577893485
2024-01-19,30334,30821,29652,29799,363937,-0.00487560527634
2024-01-22,29945,30188,28630,30091,429190,0.0097989865431726
2024-01-23,30334,30480,29360,29652,270005,-0.0145890797912997
2024-01-24,29214,30042,28581,28581,226587,-0.0361189801699717
2024-01-25,28338,28387,27023,27267,348139,-0.0459745985094993
2024-01-26,27023,28143,26780,27510,220650,0.0089118714930134
2024-01-29,27364,27900,26780,26926,202480,-0.0212286441294075
2024-01-30,27072,27121,26001,26390,150437,-0.0199064101611825
2024-01-31,26439,26731,25708,25708,166524,-0.0258431223948465
2024-02-01,25708,26731,25660,26147,157431,0.017076396452466
2024-02-02,26341,26780,26049,26147,137167,0.0
2024-02-05,26244,26877,25855,26439,148747,0.0111676291735189
2024-02-06,26244,26439,25611,26147,98758,-0.0110442906312644
2024-02-07,26341,26682,25027,25368,290210,-0.0297930928978468
2024-02-08,26244,26634,25708,25903,277825,0.0210895616524755
2024-02-13,25903,27169,25465,26731,257942,0.0319654094120371
2024-02-14,26195,27413,26147,26828,251291,0.0036287456511165
2024-02-15,27267,27705,26877,27023,203941,0.0072685254212017
2024-02-16,27413,27413,26780,27023,124171,0.0
2024-02-19,27023,27559,26634,26974,189156,-0.0018132701772564
2024-02-20,26828,27510,26682,27023,112984,0.0018165640987617
2024-02-21,26974,27510,26293,26341,209617,-0.0252377604263035
2024-02-22,26390,26780,26195,26488,127723,0.005580653733723
2024-02-23,26682,26682,25708,25806,156403,-0.0257475083056478
2024-02-26,26195,26390,25806,25855,105022,0.0018987832287065
2024-02-27,25855,28922,24929,26390,2240328,0.0206923225681685
2024-02-28,26001,28533,25903,27364,1234295,0.0369079196665402
2024-02-29,27121,27121,26341,26488,244556,-0.0320128636164303
2024-03-04,26488,27072,26244,26341,219650,-0.0055496828752642
2024-03-05,26293,26877,25903,26001,159247,-0.0129076344861622
2024-03-06,25806,26244,25319,25465,166976,-0.0206145917464712
2024-03-07,25611,25757,24929,25124,163424,-0.0133909287257019
2024-03-08,25124,25514,24978,25416,87538,0.0116223531284826
2024-03-11,25514,26244,25173,26001,170316,0.0230169971671387
2024-03-12,25855,26488,25416,26001,206393,0.0
2024-03-13,26195,26585,25952,26439,169404,0.0168455059420791
2024-03-14,26488,26731,26049,26293,159578,-0.0055221453156322
2024-03-15,26293,26682,25903,25952,124563,-0.0129692313543529
2024-03-18,26001,26439,25952,26098,105049,0.0056257706535141
2024-03-19,26341,26780,25903,26098,211049,0.0
2024-03-20,26488,26488,25952,26195,113024,0.0037167599049736
2024-03-21,26536,26536,26098,26390,124141,0.0074441687344912
2024-03-22,26682,27072,26439,26585,242885,0.0073891625615762
2024-03-25,26877,26877,26098,26390,105915,-0.0073349633251833
2024-03-26,26390,26634,25855,26195,197995,-0.0073891625615764
2024-03-27,26147,26341,25562,25611,140519,-0.0222943309791945
2024-03-28,25660,25708,25319,25611,87843,0.0
2024-03-29,25903,26390,25806,26001,167085,0.0152278317910272
2024-04-01,26001,26341,25903,26244,86402,0.0093457943925232
2024-04-02,26244,26244,25416,25708,96736,-0.0204237158969669
2024-04-03,25416,25806,25124,25173,102512,-0.0208106426015247
2024-04-04,25270,25611,24199,24394,145741,-0.0309458546855758
2024-04-05,24345,24394,23469,23663,135307,-0.0299663851766828
2024-04-08,23907,23956,23079,23177,104681,-0.020538393272197
2024-04-09,23177,23469,22738,22884,68193,-0.0126418432066273
2024-04-11,22495,23566,22154,23079,105036,0.0085212375458836
2024-04-12,23177,23323,22836,22884,43405,-0.0084492395684387
2024-04-15,22495,22495,21765,22105,87532,-0.0340412515294529
2024-04-16,21959,21959,20937,21229,102792,-0.0396290432028952
2024-04-17,21229,26634,21229,22787,2016216,0.0733901738188327
2024-04-18,22836,23761,22544,23566,242690,0.03418615877474
2024-04-19,23371,23371,22203,22738,173209,-0.0351353645081897
2024-04-22,22544,23517,22446,23128,137058,0.0171519043011698
2024-04-23,23274,23469,22592,23079,79764,-0.0021186440677966
2024-04-24,23371,23469,22982,23177,138341,0.0042462845010615
2024-04-25,23079,23371,22690,22690,65959,-0.0210122103809811
2024-04-26,22592,22787,22203,22349,94690,-0.0150286469810488
2024-04-29,22397,22787,22349,22738,53407,0.0174057004787686
2024-04-30,23079,23128,22787,22787,65660,0.0021549828480957
2024-05-02,22544,22836,22446,22690,30775,-0.0042568130951858
2024-05-03,22738,23030,22738,22933,35675,0.0107095636844425
2024-05-07,23128,23907,22982,23323,80891,0.0170060611346094
2024-05-08,23177,23469,22982,23371,49498,0.0020580542811816
2024-05-09,23371,23663,23030,23079,62185,-0.0124941166402806
2024-05-10,23810,23956,23225,23371,112729,0.012652194635816
2024-05-13,23517,23615,22884,22982,69980,-0.0166445594968123
2024-05-14,22982,23225,22836,23079,46973,0.0042206944565312
2024-05-16,23371,23420,23030,23079,60377,0.0
2024-05-17,23030,23030,22690,22836,47448,-0.0105290523852853
2024-05-20,22836,24150,22349,23274,206627,0.0191802417235942
2024-05-21,23420,23420,22933,22982,40601,-0.0125461888802955
2024-05-22,22982,23615,22982,23128,101706,0.0063527978417892
2024-05-23,23128,23177,22690,22836,54173,-0.0126253891387063
2024-05-24,22592,22836,22349,22349,51788,-0.0213259765282887
2024-05-27,22251,22592,22057,22349,50842,0.0
2024-05-28,22495,23079,22300,22884,88575,0.0239384312497203
2024-05-29,22884,22884,22446,22592,57615,-0.0127600069917847
2024-05-30,22446,22592,22154,22203,54587,-0.0172184844192634
2024-05-31,22203,22446,22008,22105,38217,-0.0044138179525289
2024-06-03,22300,22446,22105,22251,38947,0.0066048405338159
2024-06-04,21862,22251,21765,21813,75687,-0.019684508561413
2024-06-05,21813,22008,21667,21813,40517,0.0
2024-06-07,21765,22446,21716,22008,50826,0.0089396231605005
2024-06-10,21911,22203,21765,22057,47759,0.0022264631043256
2024-06-11,22008,24150,22008,22884,361132,0.0374937661513352
2024-06-12,23371,23663,22982,23177,145066,0.012803705645866
2024-06-13,23469,24345,22884,23566,302160,0.0167838805712559
2024-06-14,23761,23761,23177,23615,86821,0.0020792667402189
2024-06-17,23712,24102,22982,23030,73674,-0.0247723904298116
2024-06-18,23177,23225,22641,22690,68284,-0.0147633521493704
2024-06-19,22446,22641,22057,22300,86294,-0.0171881886293521
2024-06-20,22300,22446,21959,22105,55402,-0.008744394618834
2024-06-21,22057,22203,21765,21813,47944,-0.0132096810676317
2024-06-24,21813,22397,21765,22008,63013,0.0089396231605005
2024-06-25,22008,22203,21765,21959,38604,-0.0022264631043257
2024-06-26,21959,22349,21813,22203,53458,0.0111116171046039
2024-06-27,22203,23128,21959,22495,230335,0.0131513759401882
2024-06-28,22641,23566,22641,22982,78544,0.0216492553900866
2024-07-01,23128,23128,22641,22738,42775,-0.0106170046123053
2024-07-02,22787,22787,22057,22057,45974,-0.0299498636643503
2024-07-03,22105,22251,21813,21862,44542,-0.0088407308337489
2024-07-04,21911,22203,21862,22105,27467,0.0111151770194859
2024-07-05,22251,22836,22203,22495,61590,0.0176430671793712
2024-07-08,22397,22982,22349,22836,55885,0.0151589242053788
2024-07-09,23079,23274,22544,22738,85497,-0.0042914696093886
2024-07-10,22787,23566,22544,23517,122412,0.0342598293605418
2024-07-11,23517,23761,23177,23517,92704,0.0
2024-07-12,23810,23907,22641,22738,199707,-0.0331249734234808
2024-07-15,22836,22982,22446,22495,46916,-0.0106869557568827
2024-07-16,22641,22933,22203,22203,56468,-0.0129806623694154
2024-07-17,22154,22446,22057,22057,40896,-0.0065756879700941
2024-07-18,21765,22008,21521,21618,64256,-0.0199029786462348
2024-07-19,21862,22057,21618,21813,39125,0.0090202608936997
2024-07-22,22008,22057,21083,21180,53591,-0.029019392105625
2024-07-23,21180,22008,21180,21229,69629,0.0023135033050047
2024-07-24,21229,21521,21034,21034,32090,-0.0091855480710348
2024-07-25,20742,21034,20352,20401,58218,-0.0300941333079776
2024-07-26,20401,20547,20158,20352,28316,-0.0024018430469094
2024-07-29,20255,20839,20206,20596,21487,0.0119889937106918
2024-07-30,20596,20596,20060,20109,24758,-0.0236453680326277
2024-07-31,20060,20206,19476,19622,50989,-0.0242180118354965
2024-08-01,19719,20109,19719,20012,25361,0.0198756497808583
2024-08-02,19671,19719,18687,18736,88474,-0.0637617429542274
2024-08-05,18210,18288,14480,15785,191633,-0.1575042698548249
2024-08-06,15425,16837,15425,16516,111445,0.0463097877732023
2024-08-07,16457,16681,16282,16301,77425,-0.0130176798256236
2024-08-08,16311,16652,15941,16370,50836,0.004232869149132
2024-08-09,16652,17285,16652,17178,42335,0.049358582773366
2024-08-12,17412,17791,17188,17772,33497,0.0345791128187216
2024-08-13,17772,17889,17460,17587,30922,-0.0104096331307674
2024-08-14,17733,18278,17733,17967,34404,0.0216068687098425
2024-08-16,18035,18346,18035,18278,25094,0.0173095118828963
2024-08-19,18492,18492,18015,18142,25945,-0.0074406390195863
2024-08-20,18239,18931,18239,18863,37230,0.0397420350567743
2024-08-21,18609,20060,18609,19914,92622,0.0557175422785347
2024-08-22,19719,20012,19408,19476,41707,-0.0219945766797228
2024-08-23,19476,19573,19135,19408,27959,-0.0034914766892585
2024-08-26,19866,20158,19418,19476,34318,0.0035037098103873
2024-08-27,19418,19622,19233,19301,27334,-0.0089854179502978
2024-08-28,19301,21229,19009,19301,162141,0.0
2024-08-29,19018,19671,18989,19437,30341,0.0070462670327962
2024-08-30,19437,19525,18999,19135,44927,-0.0155373771672583
2024-09-02,19106,19233,18892,19203,28124,0.0035536974131173
2024-09-03,19213,19340,18843,18872,20888,-0.0172368900692599
2024-09-04,18210,18453,18113,18122,39312,-0.0397414158541754
2024-09-05,18268,18376,17528,17791,31783,-0.0182650921531839
2024-09-06,17626,17791,17207,17304,31968,-0.0273733910404136
2024-09-09,16895,17577,16681,17412,26879,0.0062413314840499
2024-09-10,17431,17480,17041,17041,19573,-0.0213071444980472
2024-09-11,16895,18006,16895,17402,38935,0.0211842028049997
2024-09-12,17431,18551,17431,18376,38168,0.0559705780944719
2024-09-13,18492,18619,18035,18405,31770,0.0015781454070527
2024-09-19,18405,18629,18346,18600,27081,0.0105949470252648
2024-09-20,18716,18999,18424,18483,18862,-0.0062903225806452
2024-09-23,18356,19281,18356,18921,48583,0.0236974517123842
2024-09-24,18921,19057,18843,18989,22036,0.0035938903863432
2024-09-25,18989,19184,18677,18687,21679,-0.0159039443888566
2024-09-26,18600,19145,18600,19009,26693,0.0172312302670305
2024-09-27,18882,19379,18677,19359,37170,0.0184123310011048
2024-09-30,19369,19573,18863,18989,32595,-0.0191125574668112
2024-10-02,18911,18911,18376,18512,31774,-0.0251198062035915
2024-10-04,18512,18658,18181,18337,16941,-0.0094533275713051
2024-10-07,18307,19038,18307,18970,25928,0.034520368653542
2024-10-08,18872,18970,18600,18707,16239,-0.0138639957828149
2024-10-10,18707,18775,18298,18424,29357,-0.0151280269417864
2024-10-11,18726,18940,18044,18093,55064,-0.0179656969170647
2024-10-14,18161,18765,18152,18492,41767,0.0220527275741999
2024-10-15,18415,18824,18181,18317,27344,-0.0094635518061864
2024-10-16,18307,18307,17869,17957,24331,-0.0196538734508926
2024-10-17,17957,18161,17821,18006,15877,0.0027287408809935
2024-10-18,18113,18113,17558,17723,30219,-0.0157169832278128
2024-10-21,17723,18483,17635,18220,58646,0.0280426564351408
2024-10-22,18220,18220,17441,17528,41340,-0.0379802414928649
2024-10-23,17528,17723,17324,17538,21213,0.0005705157462345
2024-10-24,17402,17450,17041,17129,27919,-0.0233207891435739
2024-10-25,17168,17236,16652,16730,27208,-0.023293829178586
2024-10-28,16730,18395,16730,17519,67619,0.0471607890017931
2024-10-29,17801,17947,17392,17694,52505,0.0099891546321138
2024-10-30,17723,17850,17334,17450,36658,-0.0137899853057533
2024-10-31,17450,17918,16623,17480,51004,0.0017191977077364
2024-11-01,17373,17373,16964,16993,25492,-0.0278604118993135
2024-11-04,16993,17295,16798,16934,58583,-0.0034720178897192
2024-11-05,16934,17188,16817,17090,19922,0.0092122357387505
2024-11-06,17382,17616,16749,16847,53634,-0.0142188414277355
2024-11-07,16856,17538,16662,17480,58117,0.0375734552145783
2024-11-08,17528,17821,17412,17567,32010,0.0049771167048053
2024-11-11,17986,17986,17041,17178,35501,-0.0221437923379063
2024-11-12,17032,17723,16847,16847,59656,-0.0192688322272673
2024-11-13,16613,18074,15931,16457,171611,-0.0231495221701193
2024-11-14,16389,16593,16048,16165,43247,-0.017743209576472
2024-11-15,16029,16769,16029,16681,54158,0.0319208165790287
2024-11-18,16681,16983,16545,16749,35941,0.0040764942149751
2024-11-19,16925,21132,16779,19719,3449751,0.1773240193444385
2024-11-20,19963,20012,18931,19194,401630,-0.0266240681576145
2024-11-21,19184,19369,18541,18911,322760,-0.0147441908929873
2024-11-22,20791,22592,19573,19622,2843125,0.0375971656707736
2024-11-25,19525,20401,19476,19963,266647,0.0173784527571094
2024-11-26,20158,21083,19866,20401,411842,0.0219405900916696
2024-11-27,20060,22008,19866,21862,718123,0.0716141365619331
2024-11-28,22154,22495,21424,22300,511478,0.020034763516604
2024-11-29,22349,22446,20791,21229,291344,-0.0480269058295964
2024-12-02,21716,21813,20596,20791,240690,-0.020632154128786
2024-12-03,20645,21326,20401,21132,154316,0.0164013274974748
2024-12-04,20401,20839,19622,19866,239360,-0.0599091425326518
2024-12-05,20012,20206,19262,19914,120100,0.0024161884627
2024-12-06,19719,20060,18940,19622,148687,-0.0146630511198152
2024-12-09,19038,19038,17509,17616,204813,-0.102232188360004
2024-12-10,17577,18385,17577,18288,135887,0.0381471389645775
2024-12-11,18288,19272,18171,18609,146443,0.0175524934383202
2024-12-12,19067,19067,17967,18444,169629,-0.0088666774141544
2024-12-13,18473,18911,18259,18755,113167,0.0168618520928214
2024-12-16,18931,19067,18707,18970,107937,0.011463609704079
2024-12-17,18931,19174,18658,19145,89964,0.0092250922509224
2024-12-18,19203,19914,18911,18960,194637,-0.0096630974144685
2024-12-19,18463,18502,18083,18181,116546,-0.0410864978902953
2024-12-20,18122,20304,17597,18989,748785,0.0444419998899949
2024-12-23,19233,19866,19038,19671,204283,0.0359155300437095
2024-12-24,20109,20888,19768,20158,364083,0.0247572568756035
2024-12-26,20645,21570,20255,20937,453329,0.0386447068161524
2024-12-27,21132,22884,20450,22008,810925,0.0511534603811434
2024-12-30,21667,23128,21472,22641,501888,0.028762268266085
2025-01-02,24394,26828,23956,25806,2928645,0.139790645289519
2025-01-03,25173,25222,24053,24394,826134,-0.0547159575292567
2025-01-06,25562,28922,25319,26098,3626556,0.0698532426006395
2025-01-07,26488,26780,24832,25027,949427,-0.0410376274043987
2025-01-08,24540,26536,24443,25124,1094146,0.0038758141207495
2025-01-09,24637,31454,24053,29896,8001192,0.1899379079764369
2025-01-10,30091,33548,29993,31162,5400782,0.0423468022477924
2025-01-13,30626,31600,30529,31211,1090652,0.0015724279571271
2025-01-14,30724,32184,30334,30870,1312671,-0.0109256351927204
2025-01-15,31016,31113,29458,29945,996717,-0.0299643666990605
2025-01-16,30529,33158,30432,32184,3173529,0.074770412422775
2025-01-17,31892,35544,31259,34327,3067273,0.0665858811831965
2025-01-20,34522,35252,33596,34181,899530,-0.0042532117575087
2025-01-21,33889,40900,33256,38904,6335759,0.1381761797489833
2025-01-22,39829,41338,37735,38173,2330205,-0.0187898416615257
2025-01-23,38806,38953,36615,36859,1070924,-0.0344222356115578
2025-01-24,36421,38660,35739,36615,1536039,-0.0066198214818633
2025-01-31,35836,42312,35739,41241,4557496,0.1263416632527652
2025-02-03,40024,43822,37346,38612,2334479,-0.0637472418224582
2025-02-04,39391,41582,37979,38806,2135801,0.005024344763286
2025-02-05,39050,41338,38563,39586,1733406,0.0200999845384735
2025-02-06,39829,40413,37054,37784,1831205,-0.0455211438387308
2025-02-07,37492,39391,35544,36469,1978576,-0.0348030912555579
2025-02-10,37394,39926,35593,36177,2771906,-0.0080068002961419
2025-02-11,35057,35252,33012,33158,2179107,-0.0834508112889405
2025-02-12,33012,33937,31844,33499,1346147,0.0102840943362083
2025-02-13,32963,33743,32428,33353,842333,-0.0043583390548971
2025-02-14,33840,34424,32331,32963,1040720,-0.0116931010703684
2025-02-17,33207,34376,32331,34132,763823,0.0354640050966235
2025-02-18,34619,37589,33596,37005,2999780,0.0841732098910112
2025-02-19,36713,36713,35155,35934,1066511,-0.028942034860154
2025-02-20,35203,35447,32233,32817,1055823,-0.0867423609951577
2025-02-21,32769,33450,32525,32720,510517,-0.0029557851113751
2025-02-24,31941,32233,30918,31795,477573,-0.0282701711491442
2025-02-25,31162,36518,30870,33548,3561186,0.0551344551030035
2025-02-26,33110,33353,32087,32477,584340,-0.0319244068200786
2025-02-27,32963,34229,31162,31844,699372,-0.0194907165070665
2025-02-28,31065,31454,29360,29652,619978,-0.0688355734204245
2025-03-04,29312,31503,29117,31308,443396,0.055847834884662
2025-03-05,31454,33012,31162,31795,501755,0.0155551296793152
2025-03-06,31795,33596,30675,31503,713261,-0.0091838339361535
2025-03-07,30772,31844,30675,30918,229153,-0.0185696600323779
2025-03-10,32136,35642,31892,32817,3324196,0.0614205317290899
2025-03-11,31259,35544,31259,34668,3307780,0.0564036932077887
2025-03-12,35203,36469,34716,35642,1912639,0.0280950732664129
2025-03-13,36907,37151,35057,35642,976281,0.0
2025-03-14,35544,37443,35447,36275,1464931,0.0177599461309689
2025-03-17,37054,40608,36664,39439,3097206,0.0872226050999311
2025-03-18,39439,39439,37687,37930,1484519,-0.0382616192094119
2025-03-19,35349,35885,33158,33743,3149921,-0.1103875560242552
2025-03-20,34181,34619,32038,32428,1077768,-0.0389710458465459
2025-03-21,32428,32963,30967,31259,772044,-0.0360490933760947
2025-03-24,31357,32525,31357,31795,729327,0.0171470616462459
2025-03-25,32087,32525,30626,32087,620822,0.0091838339361534
2025-03-26,32087,32331,31259,32087,431058,0.0
2025-03-27,31259,32087,30626,30967,342389,-0.0349051017546047
2025-03-28,30918,31211,29945,30188,237542,-0.0251558110246391
2025-03-31,29409,31551,28922,30772,314246,0.0193454352722937
2025-04-01,32038,32038,31308,31551,170796,0.0253152216300533
2025-04-02,32720,33110,31600,31844,352332,0.009286551931793
2025-04-03,31016,33402,30870,32866,344347,0.0320939580454717
2025-04-04,34083,34181,31259,32233,353762,-0.0192600255583277
2025-04-07,30724,30772,29409,29409,197382,-0.0876120745819502
2025-04-08,30383,31162,29750,29799,137513,0.0132612465571764
2025-04-09,29068,30529,28338,28630,159919,-0.0392295043457834
2025-04-10,30772,30821,29896,30626,171635,0.0697170799860287
2025-04-11,29847,32915,29847,32915,283768,0.0747404166394567
2025-04-14,33596,33694,32769,33256,178032,0.010360018228771
2025-04-15,33596,34522,33207,33694,257124,0.013170555689199
2025-04-16,34181,34814,32915,33012,219751,-0.0202409924615658
2025-04-17,32720,34035,32623,33889,129907,0.0265660971767842
2025-04-18,34765,34814,33256,34035,159648,0.0043081825961226
2025-04-21,33840,35544,33548,34960,436253,0.0271779050976934
2025-04-22,34229,35398,34229,35009,194481,0.0014016018306635
2025-04-23,35642,35642,34424,35203,169481,0.0055414322031477
2025-04-24,35057,35106,34327,34716,155158,-0.0138340482345254
2025-04-25,34570,34814,33596,33986,251587,-0.0210277681760571
2025-04-28,33743,33840,32963,33450,130601,-0.0157711999058436
2025-04-29,33450,34035,33110,33840,140352,0.0116591928251121
2025-04-30,33743,33791,32671,33353,116604,-0.0143912529550827
2025-05-02,34083,34327,32915,33207,205182,-0.0043774173237789
2025-05-07,33353,36421,33061,35885,886714,0.0806456470021381
2025-05-08,36323,37102,35544,36372,448054,0.0135711299986067
2025-05-09,36275,36275,35155,35203,216988,-0.0321401077752117
2025-05-12,35885,36372,35203,35398,175931,0.0055393006277875
2025-05-13,36128,37930,35934,36713,782047,0.0371489914684446
2025-05-14,38855,47717,37540,47717,3483132,0.2997303407512326
2025-05-15,52099,55313,47230,53560,5639024,0.1224511180501708
2025-05-16,56676,61253,55605,57455,2473626,0.0727221807318894
2025-05-19,55313,57942,54923,57455,917797,0.0
2025-05-20,58819,62811,57845,60085,1313801,0.0457749543120702
2025-05-21,59890,59890,54047,54047,1498597,-0.1004909711242406
2025-05-22,53657,54047,49859,51223,1214659,-0.0522508187318444
2025-05-23,51710,53463,49372,51125,1150200,-0.0019132030533158
2025-05-26,50638,55605,49762,55605,964765,0.0876283618581907
2025-05-27,56579,56676,53949,55800,575890,0.0035068788777987
2025-05-28,56189,57650,53365,54047,771688,-0.0314157706093189
2025-05-29,54826,55800,54047,55410,385673,0.0252187910522323
2025-05-30,55897,58526,54047,58234,692231,0.050965529687782
2025-06-02,58916,62324,57163,60961,927371,0.0468283133564584
2025-06-04,62130,67680,61837,66317,1224330,0.0878594511244894
2025-06-05,66317,66999,62324,66414,635069,0.0014626717131354
2025-06-09,65343,65343,58819,59013,1028687,-0.1114373475472039
2025-06-10,60474,61545,56092,57650,659570,-0.0230966058326131
2025-06-11,58916,59013,56481,58234,343637,0.0101300954032956
2025-06-12,58819,59403,57650,58721,303022,0.0083628121028951
2025-06-13,60085,60085,52976,53755,822608,-0.0845694044719946
2025-06-16,52489,54436,51807,54144,395981,0.0072365361361734
2025-06-17,57260,57260,53170,54339,478363,0.0036015070921986
2025-06-18,55605,55702,53560,55021,252363,0.0125508382561327
2025-06-19,56871,58819,53073,55313,725120,0.0053070645753439
2025-06-20,55702,64954,55702,61351,2920478,0.1091605951584617
2025-06-23,59890,79756,59695,79756,3544577,0.2999951101041547
2025-06-24,82190,82677,72550,73718,3192745,-0.0757059030041626
2025-06-25,73134,75568,68946,69823,1423775,-0.0528364849833148
2025-06-26,70991,73231,64759,68752,1161611,-0.0153387852140411
2025-06-27,69628,71868,66122,69141,765637,0.0056580172213172
2025-06-30,70212,71576,66707,71089,647501,0.0281743104670166
2025-07-01,71186,71965,67973,68362,577377,-0.0383603651760469
2025-07-02,68362,69531,65246,67388,411065,-0.0142476814604605
2025-07-03,68167,68265,65733,66025,269787,-0.0202261530242773
2025-07-04,66317,67193,63493,64954,407578,-0.0162211283604695
2025-07-07,64272,69531,63688,68752,514342,0.0584721495211997
2025-07-08,71868,71965,66804,67486,425239,-0.0184140097742611
2025-07-09,67778,72160,66999,70894,523665,0.0504993628308092
2025-07-10,70602,72063,69433,70797,255237,-0.0013682399074674
2025-07-11,71381,71673,68946,69336,215876,-0.0206364676469341
2025-07-14,68654,73426,68167,71284,331062,0.0280950732664129
2025-07-15,71965,92416,70115,87254,2124102,0.2240334436900286
2025-07-16,82872,90468,81509,88131,2211205,0.0100511151351228
2025-07-17,87644,87839,81996,82288,767049,-0.0662990321226356
2025-07-18,83262,83846,77906,80243,530539,-0.024851740229438
2025-07-21,79269,81996,78782,81606,324797,0.0169859053126129
2025-07-22,81022,82677,78295,81606,308848,0.0
2025-07-23,83456,83456,77419,78392,398162,-0.0393843589932112
2025-07-24,78392,79756,77419,77711,182832,-0.0086871109296866
2025-07-25,77711,79366,77321,77808,159894,0.0012482145384822
2025-07-28,77029,78977,75958,78003,232859,0.002506169031462
2025-07-29,78003,81022,77711,78879,295097,0.0112303372947193
2025-07-30,78587,82580,78100,79658,377375,0.0098758858504799
2025-07-31,80145,80535,78587,79756,178917,0.0012302593587587
2025-08-01,78977,79658,74984,75179,300402,-0.0573875319725162
2025-08-04,73621,75568,73231,75179,197650,0.0
2025-08-05,76834,80924,76153,80145,405233,0.0660556804426768
2025-08-06,79074,81314,78587,79951,206971,-0.0024206126395907
2025-08-07,80535,83943,79561,82969,429901,0.0377481207239434
2025-08-08,82677,84625,81022,82775,274132,-0.0023382227096867
2025-08-11,85404,88910,82288,86280,584175,0.0423437028088191
2025-08-12,86183,93876,85891,88618,1341084,0.0270978210477514
2025-08-13,88520,89202,82775,83262,540860,-0.0604391884267304
2025-08-14,83359,84528,82483,83846,180429,0.0070140039874131
2025-08-18,83554,83846,81217,81411,160442,-0.0290413376905278
2025-08-19,81703,81898,77906,78490,234178,-0.0358796722801586
2025-08-20,75958,76347,73036,75276,322203,-0.0409478914511403
2025-08-21,76153,76250,73621,73913,177936,-0.0181067006748498
2025-08-22,73815,85599,73815,82190,916546,0.1119830070488276
2025-08-25,84430,101667,81801,98064,3609419,0.1931378513201118
2025-08-26,95824,105757,93487,100596,2429345,0.0258198727361722
2025-08-27,101959,101959,91150,92026,1364404,-0.0851922541651755
2025-08-28,95045,95824,89105,91150,751103,-0.0095190489644231
2025-08-29,84333,91734,84138,88520,1422482,-0.0288535381239715
2025-09-01,89397,91052,84722,85599,1090700,-0.0329981924988702
2025-09-02,86865,103517,86670,100206,5206693,0.1706445168751971
2025-09-03,99330,101570,94558,96116,2088949,-0.0408159192064347
2025-09-04,96311,99719,95727,95921,861283,-0.0020287985351034
2025-09-05,96408,97285,94753,96116,638155,0.0020329229261579
2025-09-08,96895,98940,93487,94655,662363,-0.0152003828706979
2025-09-09,95240,96506,92902,94071,620762,-0.0061697744440335
2025-09-10,96213,97772,93389,94266,891969,0.0020729023822432
2025-09-11,94266,101764,93195,96895,2192669,0.027889164704135
2025-09-12,97966,99330,96019,97382,854492,0.0050260591361783
2025-09-15,100790,107607,98258,100790,1851046,0.034996200529872
2025-09-16,101959,102738,98064,99135,607962,-0.0164202797896616
2025-09-17,98843,101180,96993,97382,576560,-0.0176829575830937
2025-09-18,100596,115300,100304,109165,5169423,0.1209977203179233
2025-09-19,109165,141204,105952,132635,7378474,0.2149956487885311
2025-09-22,134582,149774,131563,139841,4402859,0.0543295510234855
2025-09-23,140328,165258,138575,157370,3492046,0.1253495040796333
2025-09-24,157272,167011,145002,148118,2912159,-0.0587913833640465
2025-09-25,148411,151819,141302,142081,1826254,-0.0407580442620073
2025-09-26,143152,155227,140717,145100,3765112,0.0212484427896764
2025-09-29,148900,159400,148000,156100,1841821,0.0758097863542384
2025-09-30,158900,166800,148500,160700,2656844,0.0294682895579756
2025-10-01,160700,169200,159500,164000,1789519,0.0205351586807716
2025-10-02,164000,164000,153700,156800,1163740,-0.0439024390243902
2025-10-10,156600,197300,153700,191300,4524542,0.2200255102040815
2025-10-13,185400,198700,184000,192100,1660021,0.0041819132253004
2025-10-14,193800,218500,178900,185300,3469022,-0.0353982300884956
2025-10-15,189700,210000,189600,202500,2337088,0.0928224500809498
2025-10-16,205000,205500,194000,196400,1063102,-0.0301234567901234
2025-10-17,195600,202500,190900,192200,949250,-0.0213849287169042
2025-10-20,194000,201500,194000,198000,961701,0.0301768990634756
2025-10-21,199000,199400,185500,186700,1065213,-0.057070707070707
2025-10-22,186900,191700,179600,186500,677795,-0.0010712372790573
2025-10-23,182800,202500,178500,187000,1790353,0.002680965147453
2025-10-24,188200,199900,188000,192900,1790296,0.0315508021390373
2025-10-27,194100,194700,188700,191700,583498,-0.0062208398133748
2025-10-28,193600,196800,190000,191400,832404,-0.001564945226917
2025-10-29,193000,212000,192300,206500,2400878,0.0788923719958203
2025-10-30,207500,229500,197500,222500,2885870,0.0774818401937045
2025-10-31,235000,235000,214000,220500,1469353,-0.0089887640449438
2025-11-03,222500,282000,220500,274500,2690324,0.2448979591836735
2025-11-04,269000,294500,260000,269000,2036680,-0.0200364298724954
2025-11-05,258000,265000,239500,242500,1508378,-0.0985130111524164
2025-11-06,250500,255500,213000,216000,1361145,-0.1092783505154638
2025-11-07,204500,236000,204000,221000,1524310,0.0231481481481481
2025-11-10,220000,228500,207000,223000,726118,0.009049773755656
2025-11-11,228500,244000,225500,232000,1114753,0.0403587443946187
2025-11-12,234500,242000,219500,224000,648977,-0.0344827586206896
2025-11-13,224000,236000,217500,232000,592312,0.0357142857142858
2025-11-14,220500,226500,219000,219000,329573,-0.0560344827586206
2025-11-17,225500,227000,201000,206500,667747,-0.0570776255707762
2025-11-18,203500,210500,198700,204000,566891,-0.0121065375302663
2025-11-19,213500,218000,193300,208000,763400,0.0196078431372548
2025-11-20,213500,218000,198800,201500,536141,-0.03125
2025-11-21,189400,198700,188600,191800,477026,-0.0481389578163772
2025-11-24,194800,209000,188700,206500,896001,0.0766423357664234
2025-11-25,210000,210500,195000,195000,464935,-0.0556900726392252
2025-11-26,195100,204500,193800,202000,387809,0.0358974358974359
2025-11-27,201500,216500,197000,212500,819351,0.051980198019802
2025-11-28,216000,244500,212500,233500,1553205,0.0988235294117647
2025-12-01,238500,252000,230500,231000,1212700,-0.0107066381156316
2025-12-02,236500,254500,225000,250000,1786581,0.0822510822510822
2025-12-03,247000,258500,240500,255500,859265,0.022
2025-12-04,269500,301000,262500,288000,3059116,0.1272015655577298
2025-12-05,292000,320500,270500,283000,2411463,-0.0173611111111111
2025-12-08,289500,295000,278000,287500,915707,0.0159010600706712
2025-12-09,286000,291500,277000,283500,629135,-0.0139130434782608
2025-12-10,282000,287000,277000,284000,462831,0.001763668430335
2025-12-11,286500,315500,284000,301500,2023943,0.0616197183098592
2025-12-12,303500,310000,294500,302500,834879,0.0033167495854062
2025-12-15,294500,323500,288500,313000,1165274,0.0347107438016529
2025-12-16,313000,313000,289500,291500,764487,-0.0686900958466453
2025-12-17,295500,300500,273500,276500,659270,-0.0514579759862778
2025-12-18,268000,285000,263500,267000,652169,-0.0343580470162748
2025-12-19,272000,284500,263500,280500,717609,0.050561797752809
2025-12-22,282000,288000,273500,280500,551863,0.0
2025-12-23,281000,293000,273500,279000,669376,-0.0053475935828877
2025-12-24,279500,279750,265000,268000,482457,-0.039426523297491
2025-12-26,269000,273500,260500,268500,494672,0.001865671641791
2025-12-29,268500,273000,263000,267500,441277,-0.0037243947858472
2025-12-30,267500,269500,255500,261000,380824,-0.0242990654205607
2026-01-02,261500,276000,257000,269500,369001,0.0325670498084291
2026-01-05,267000,267500,260000,262500,353665,-0.0259740259740259
2026-01-06,267500,268500,247000,249000,528086,-0.0514285714285713
2026-01-07,250500,260000,245000,254500,588628,0.0220883534136546
2026-01-08,253500,253500,241000,242000,387958,-0.0491159135559921
2026-01-09,245000,246000,237500,242000,266747,0.0
2026-01-12,238000,243500,233500,238500,311724,-0.0144628099173553
2026-01-13,245500,248500,240500,248000,358273,0.0398322851153039
2026-01-14,250500,259500,240000,250000,400610,0.0080645161290322
2026-01-15,245000,272500,242000,271000,939485,0.084
2026-01-16,273500,273500,254000,257500,567953,-0.0498154981549815
2026-01-19,263500,279500,259500,270500,622151,0.0504854368932039
2026-01-20,281500,284000,252000,261500,621652,-0.0332717190388169
2026-01-21,249500,265000,249000,256000,423906,-0.0210325047801147
2026-01-22,263000,263500,244500,245500,496230,-0.041015625
2026-01-23,245500,262000,241000,248500,419170,0.0122199592668024
2026-01-26,249000,303000,246500,280500,1886879,0.1287726358148893
2026-01-27,277000,301000,275000,290000,918840,0.0338680926916221
2026-01-28,290000,314000,288000,307000,1026041,0.0586206896551724
2026-01-29,315000,349500,305500,328500,1432484,0.0700325732899023
2026-01-30,340500,364000,332500,338500,1139113,0.030441400304414
2026-02-02,331000,351000,306500,307500,569551,-0.0915805022156572
2026-02-03,323000,331000,313500,322000,306735,0.0471544715447154
2026-02-04,322500,325000,310000,314500,275533,-0.0232919254658384
2026-02-05,302500,303500,285000,289000,324994,-0.081081081081081
2026-02-06,276000,281000,265500,273000,280753,-0.0553633217993079
2026-02-09,279000,285000,271500,277500,224019,0.0164835164835164
2026-02-10,292000,299500,273500,276000,283122,-0.0054054054054053
2026-02-11,279000,285000,272500,281500,168524,0.019927536231884
2026-02-12,288000,291000,280000,284500,167794,0.0106571936056838
2026-02-13,278000,281000,270000,271500,200644,-0.0456942003514938
2026-02-19,275500,286000,262500,284000,251938,0.0460405156537753
2026-02-20,283500,285000,277000,279500,103770,-0.0158450704225352
2026-02-23,280500,282500,269500,272500,173176,-0.0250447227191413
2026-02-24,270500,278000,268500,277000,117911,0.0165137614678898
2026-02-25,282000,288500,274500,288000,204314,0.0397111913357399
2026-02-26,294500,299000,285500,296500,342316,0.0295138888888888
2026-02-27,288000,298000,285000,288500,189010,-0.026981450252951
2026-03-03,278000,289000,258000,258000,398975,-0.1057192374350086
2026-03-04,240000,249000,201000,207500,492149,-0.1957364341085271
2026-03-05,231000,247500,227000,235000,306731,0.1325301204819278
2026-03-06,231000,256000,231000,250500,237481,0.0659574468085106
2026-03-09,235000,242000,221500,233000,157218,-0.0698602794411177
2026-03-10,253000,273500,247000,258500,326817,0.109442060085837
2026-03-11,271000,274000,242500,249000,267785,-0.0367504835589942
2026-03-12,249500,263500,245500,256500,173223,0.0301204819277107
2026-03-13,248500,260000,247000,258500,223275,0.0077972709551656
2026-03-16,255500,258000,244000,249000,115563,-0.0367504835589942
2026-03-17,254000,264000,251000,252000,117542,0.0120481927710842
2026-03-18,262000,263000,257000,263000,98931,0.0436507936507937
2026-03-19,256500,277000,254000,267000,239870,0.015209125475285
2026-03-20,273000,275000,256500,261000,456247,-0.0224719101123596
2026-03-23,250000,252500,233000,238000,182593,-0.0881226053639846
2026-03-24,249500,265000,241000,259000,180239,0.0882352941176469
2026-03-25,250500,262000,250500,257500,131518,-0.0057915057915057
2026-03-26,253500,257000,245500,245500,128902,-0.0466019417475728
2026-03-27,239000,257500,229500,255000,158141,0.0386965376782078
2026-03-30,240000,244500,237500,241500,95113,-0.0529411764705882
2026-03-31,246000,261000,237000,241000,200416,-0.0020703933747412
2026-04-01,257000,271500,249500,267000,258493,0.1078838174273859
2026-04-02,282000,284000,250000,254000,312658,-0.048689138576779
2026-04-03,261000,264000,245500,246000,235462,-0.031496062992126
2026-04-06,247000,249500,240000,241500,157496,-0.0182926829268292
2026-04-07,246000,253500,228500,233000,199219,-0.0351966873706004
2026-04-08,246500,259000,243500,256000,202071,0.0987124463519313
2026-04-09,256500,258500,244500,249000,139925,-0.02734375
2026-04-10,254500,254500,244000,245500,103966,-0.0140562248995983
2026-04-13,239000,240500,235000,236500,123284,-0.0366598778004073
2026-04-14,245000,253500,239500,247500,144792,0.0465116279069768
2026-04-15,255000,264500,249000,262500,188708,0.0606060606060605
2026-04-16,270000,283500,268000,271500,278665,0.0342857142857142
2026-04-17,276000,277000,265500,273000,142001,0.0055248618784531
2026-04-20,272500,296000,269000,286000,397940,0.0476190476190476
2026-04-21,296000,300000,277000,287000,321356,0.0034965034965035
2026-04-22,288000,289500,272500,276000,191170,-0.0383275261324042
2026-04-23,287000,288000,262000,267000,217236,-0.0326086956521739
2026-04-24,269000,298500,264000,292500,485222,0.0955056179775279
2026-04-27,301500,361500,299500,348000,1338630,0.1897435897435897
2026-04-28,345000,345000,325500,326500,428261,-0.0617816091954023
2026-04-29,337500,352000,322000,328500,410650,0.006125574272588
2026-04-30,343000,343000,316000,316500,311471,-0.0365296803652968
2026-05-04,328000,329000,310500,313500,203707,-0.0094786729857819
2026-05-06,316000,319500,303500,310000,274742,-0.011164274322169
2026-05-07,316500,324000,300500,302000,223444,-0.0258064516129031
2026-05-08,315500,342500,313000,334500,726318,0.1076158940397351
2026-05-11,335500,394000,324000,377500,1007194,0.1285500747384156
2026-05-12,378500,389500,320000,345000,815608,-0.086092715231788
2026-05-13,347500,369000,337500,355500,397490,0.0304347826086957
2026-05-14,363000,363000,334500,341000,254981,-0.040787623066104
2026-05-15,348000,371000,315000,328500,531033,-0.0366568914956011
2026-05-18,334000,338000,300000,306000,345034,-0.0684931506849315
2026-05-19,303000,303500,267000,274000,365675,-0.1045751633986927
2026-05-20,271500,272000,247000,258500,256016,-0.0565693430656933
2026-05-21,278000,307000,268500,303500,285797,0.1740812379110252
2026-05-22,304000,312000,297500,304500,151329,0.0032948929159801
2026-05-26,319000,323500,309000,313000,145692,0.0279146141215107
2026-05-27,311500,316000,301000,312500,100106,-0.0015974440894568
2026-05-28 00:00:00,311000,319000,293500,298000,83842,-0.0148760330578512
2026-05-28 00:00:00,311000,319000,280500,280500,163591,-0.0727272727272727
2026-05-28 00:00:00,311000,319000,279000,292500,206810,-0.0330578512396694
2026-05-29 00:00:00,304500,329000,294000,325500,396842,0.1128205128205128
2026-05-29 00:00:00,304500,329000,294000,325500,396842,0.1128205128205128
2026-05-29 00:00:00,304500,329000,294000,325500,396842,0.1128205128205128
2026-05-29 00:00:00,304500,329000,294000,325500,396842,0.1128205128205128
2026-06-01 00:00:00,353000,405000,352500,390500,619304,0.1996927803379415
2026-06-01 00:00:00,353000,418000,352500,402500,1380451,0.2365591397849462
2026-06-01 00:00:00,353000,418000,352500,402500,1380451,0.23655913978494625
